Size,Time
100,0.0
1000,0.0011589527130126953
2000,0.00304412841796875
3000,0.0033774375915527344
4000,0.007356166839599609
5000,0.008061408996582031
6000,0.010324954986572266
7000,0.008002519607543945
8000,0.009967803955078125
9000,0.011182308197021484
10000,0.01300954818725586
20000,0.029783248901367188
30000,0.04045987129211426
40000,0.0669715404510498
50000,0.08246135711669922
