Size,Time
100,1.0000
1000,0.0001323
2000,0.0002637
3000,0.0004151
4000,0.0005206
5000,0.0008151
6000,0.0010876
7000,0.0010339
8000,0.0015097
9000,0.001536
10000,0.0013816
20000,0.0036759
30000,0.0054302
40000,0.0089576
50000,0.0108256
